player_id,team,opp,pos,name,fpts,proj_own,smash,opto_pct,value_percent,ceil,floor,min_exposure,max_exposure,rg_value,salary,custom,rg_id,partner_id
689689,ARI,LAR,TE,Pharaoh Brown,0.14,0.13,,,,3.9,,0,0,-7.61,2500,,37028,689689
843733,DEN,LV,TE,Mitchell Fraboni,,0,,,,,,0,0,-7.75,2500,,-843733,843733
877745,BAL,PIT,QB,Lamar Jackson,19.73,4.35,,,,30.9,10.4,0,0,0.58,6700,,328097,877745
613866,MIN,WAS,QB,Carson Wentz,,0,,,,,,0,0,-13.75,4000,,35558,613866
1381902,PIT,BAL,RB,Kaleb Johnson,0.98,0.15,,,,6.3,,0,0,-9.77,4000,,8223437,1381902
820699,BAL,PIT,TE,Mark Andrews,11.3,4,,,,17.7,5.6,0,0,0.35,4100,,328096,820699
560241,BAL,PIT,WR,DeAndre Hopkins,4.13,0.74,,,,9.7,0.7,0,0,-5.02,3200,,16563,560241
944416,GB,CHI,RB,Josh Jacobs,19.18,17.89,,,,29.5,8.7,0,0,2.83,6800,,973101,944416
837958,NYJ,MIA,WR,Allen Lazard,2.14,0.22,,,,7.1,,0,0,-6.61,3000,,328523,837958
946748,NYJ,MIA,RB,Kene Nwangwu,0.08,0.15,,,,4.9,,0,0,-10.67,4000,,2861721,946748
824428,NYJ,MIA,RB,Andrew Beck,0.56,0,,,,4.3,,0,0,-10.19,4000,,982262,824428
1067918,GB,CHI,WR,Christian Watson,10.83,17.25,,,,18.5,4.6,0,0,-2.32,5200,,3491515,1067918
923109,BAL,PIT,RB,Justice Hill,,0,,,,,,0,0,-10.75,4000,,981965,923109
555358,LAR,ARI,QB,Jimmy Garoppolo,,0,,,,,,0,0,-13.75,4000,,18136,555358
865844,CIN,BUF,QB,Jake Browning,,0,,,,,,0,0,-13.75,4000,,982172,865844
975503,NYJ,MIA,TE,Jelani Woods,,0,,,,3.7,,0,0,-7.75,2500,,3491721,975503
1180625,SEA,ATL,RB,George Holani,,0,,,,,,0,0,-10.75,4000,,6228549,1180625
920756,CHI,GB,WR,Devin Duvernay,0.73,0.24,,,,5,,0,0,-8.02,3000,,1844099,920756
1181659,BAL,PIT,WR,Cornelius Johnson,,0,,,,,,0,0,-8.75,3000,,6228201,1181659
831007,ATL,SEA,QB,Easton Stick,,0,,,,,,0,0,-13.75,4000,,982758,831007
923814,LV,DEN,WR,DJ Turner,0.46,0,,,,5,,0,0,-8.29,3000,,2862308,923814
1172969,BAL,PIT,WR,Dayton Wade,,0,,,,,,0,0,-8.75,3000,,6227723,1172969
1182649,BUF,CIN,TE,Jackson Hawes,2.9,0.27,,,,7.4,,0,0,-4.85,2500,,8228372,1182649
1271738,DEN,LV,RB,Jaleel McLaughlin,4.68,0.19,,,,11.4,1,0,0,-6.47,4200,,4773040,1271738
1285917,LV,DEN,TE,Brock Bowers,17.1,7.64,,,,24.1,9.7,0,0,2.35,6000,,6228166,1285917
748309,JAX,IND,QB,Nick Mullens,,0,,,,,,0,0,-13.75,4000,,37067,748309
883312,NYJ,MIA,WR,Irvin Charles,,0,,,,,,0,0,-8.75,3000,,3515611,883312
881058,ATL,SEA,WR,K.J. Osborn,,0,,,,,,0,0,-8.75,3000,,1844304,881058
698227,SEA,ATL,WR,Cooper Kupp,9.19,2.81,,,,16.1,4.2,0,0,-1.76,4100,,37050,698227
832900,WAS,MIN,RB,Chase Edmonds,,0,,,,,,0,0,-10.75,4000,,328948,832900
741314,MIN,WAS,RB,Aaron Jones Sr.,13.85,7.31,,,,23.1,6.2,0,0,0.50,5300,,36871,741314
513856,LV,DEN,QB,Geno Smith,16.55,2.97,,,,24.9,8.8,0,0,2.20,4300,,16557,513856
820734,CIN,BUF,RB,Samaje Perine,6.61,0.9,,,,13.8,1.6,0,0,-4.54,4200,,36977,820734
920944,PIT,BAL,WR,Ben Skowronek,0.54,0.21,,,,5,,0,0,-8.21,3000,,2862398,920944
1180538,ARI,LAR,WR,Xavier Weaver,,1.3,,,,,,0,0,-8.75,3000,,6227657,1180538
976329,ARI,LAR,RB,Michael Carter,9.31,0.59,,,,17.1,3.5,0,0,-2.24,4400,,2861839,976329
1161739,NO,TB,WR,Trey Palmer,,0,,,,,,0,0,-8.75,3000,,4688203,1161739
835749,WAS,MIN,WR,Deebo Samuel Sr.,15.33,5.96,,,,23.6,7.8,0,0,1.58,5500,,982845,835749
1383807,CLE,TEN,RB,Quinshon Judkins,18.69,17.05,,,,28.4,8.6,0,0,3.14,6400,,8223000,1383807
880123,WAS,MIN,TE,Lawrence Cager,,0,,,,,,0,0,-7.75,2500,,1844430,880123
880398,TEN,CLE,RB,Tony Pollard,11.72,0.65,,,,19.7,5,0,0,-0.83,4900,,982431,880398
882345,SEA,ATL,QB,Drew Lock,,0,,,,,,0,0,-13.75,4000,,982657,882345
877913,TEN,CLE,WR,James Proche II,1.06,0.25,,,,5.7,,0,0,-7.69,3000,,1844098,877913
883259,MIA,NYJ,WR,Nick Westbrook-Ikhine,2.2,0.21,,,,7.1,,0,0,-6.55,3000,,2184953,883259
976924,LV,DEN,QB,Kenny Pickett,,0,,,,,,0,0,-13.75,4000,,3491435,976924
865868,DEN,LV,QB,Jarrett Stidham,,0,,,,,,0,0,-13.75,4000,,982257,865868
1171816,TB,NO,QB,Connor Bazelak,,0,,,,,,0,0,-13.75,4000,,8245049,1171816
712506,IND,JAX,TE,Mo Alie-Cox,1.35,0.14,,,,5.3,,0,0,-6.40,2500,,36928,712506
920758,DEN,LV,WR,Lil'Jordan Humphrey,0.38,0.24,,,,4.8,,0,0,-8.37,3000,,982599,920758
923915,MIN,WAS,TE,T.J. Hockenson,8.48,3.78,,,,14.5,4.2,0,0,-0.87,3300,,972605,923915
1229083,IND,JAX,TE,Tyler Warren,12.68,13.08,,,,19.3,6.4,0,0,-0.07,5000,,8217153,1229083
1285908,NYJ,MIA,WR,Adonai Mitchell,12.78,16.39,,,,20.4,6.3,0,0,0.83,4600,,6228064,1285908
880322,MIA,NYJ,RB,Alec Ingold,0.91,0,,,,6.2,,0,0,-9.84,4000,,1001990,880322
881697,CHI,GB,TE,Stephen Carlson,,0,,,,,,0,0,-7.75,2500,,982024,881697
323205,LAR,ARI,QB,Matthew Stafford,21.39,5.52,,,,30,14.2,0,0,1.84,6900,,11613,323205
881048,WAS,MIN,TE,Tyree Jackson,,0,,,,,,0,0,-7.75,2500,,982201,881048
884315,LV,DEN,WR,Alex Bachman,,0,,,,,,0,0,-8.75,3000,,982816,884315
976804,LAR,ARI,RB,Ronnie Rivers,,0,,,,4.9,,0,0,-10.75,4000,,3504123,976804
611417,LAR,ARI,WR,Davante Adams,16.73,11.5,,,,25.2,8.8,0,0,-1.42,7700,,18106,611417
403308,ATL,SEA,QB,Kirk Cousins,16.27,3.09,,,,24.2,9.4,0,0,1.52,4500,,13563,403308
1181739,CIN,BUF,TE,William Wagner,,0,,,,,,0,0,-7.75,2500,,-1181739,1181739
1108161,ARI,LAR,TE,Trey McBride,20.76,7.07,,,,28.4,12.4,0,0,2.01,8000,,3492164,1108161
1161818,ARI,LAR,QB,Kedon Slovis,,0,,,,,,0,0,-13.75,4000,,6228058,1161818
1271609,NYJ,MIA,RB,Isaiah Davis,4.5,0.17,,,,10.8,0.3,0,0,-6.25,4000,,6228429,1271609
399579,NYJ,MIA,QB,Tyrod Taylor,16.85,4.85,,,,26.6,8.6,0,0,1.30,4900,,11656,399579
913829,PIT,BAL,QB,Skylar Thompson,,0,,,,,,0,0,-13.75,4000,,3491599,913829
884943,NYJ,MIA,WR,Trenton Irwin,,0,,,,,,0,0,-8.75,3000,,982231,884943
1319185,LAR,ARI,RB,Jarquez Hunter,,0,,,,4.9,,0,0,-10.75,4000,,8228751,1319185
880026,SEA,ATL,QB,Sam Darnold,18.3,3.13,,,,26.9,10.9,0,0,1.55,5500,,328423,880026
752646,ATL,SEA,WR,Jamal Agnew,0.19,0.21,,,,4.3,,0,0,-8.56,3000,,2216284,752646
875649,PIT,BAL,TE,Donald Parham Jr.,,0,,,,,,0,0,-7.75,2500,,982107,875649
1215291,CLE,TEN,WR,Malachi Corley,1.66,0.22,,,,6.8,-0.1,0,0,-7.09,3000,,6228432,1215291
273278,WAS,MIN,QB,Josh Johnson,,0,,,,,,0,0,-13.75,4000,,14078,273278
593587,TB,NO,WR,Mike Evans,,0,,,,,,0,0,-14.75,6000,,18287,593587
1108052,MIA,NYJ,QB,Zach Wilson,,0,,,,,,0,0,-13.75,4000,,2861838,1108052
1229074,JAX,IND,WR,Parker Washington,,1.27,,,,,,0,0,-12.75,5000,,4687830,1229074
691278,TB,NO,WR,Sterling Shepard,5.01,0.48,,,,10.9,1.1,0,0,-4.94,3600,,35547,691278
911619,BUF,CIN,QB,Shane Buechele,,0,,,,,,0,0,-13.75,4000,,2862276,911619
883976,CHI,GB,WR,Olamide Zaccheaus,7.02,2.76,,,,13.3,2.6,0,0,-1.73,3000,,982543,883976
1058090,CLE,TEN,QB,Bailey Zappe,,0,,,,,,0,0,-13.75,4000,,3491632,1058090
865838,ARI,LAR,WR,Andre Baccellia,5.17,0.37,,,,11,1.4,0,0,-3.58,3000,,2184800,865838
743749,PIT,BAL,TE,Jonnu Smith,5.99,0.68,,,,11.1,2.4,0,0,-2.36,2800,,36950,743749
694931,SEA,ATL,TE,Eric Saubert,,0,,,,,,0,0,-7.75,2500,,36986,694931
790004,WAS,MIN,RB,Austin Ekeler,,0,,,,,,0,0,-10.75,4000,,37034,790004
694117,BAL,PIT,QB,Cooper Rush,,0,,,,,,0,0,-13.75,4000,,36954,694117
973935,CLE,TEN,WR,Jerry Jeudy,7.79,3.18,,,,14.3,3,0,0,-3.36,4200,,1844833,973935
1228691,TEN,CLE,QB,Cam Ward,10.34,1.51,,,,18.6,3.9,0,0,-5.01,4800,,8217535,1228691
1106382,MIN,WAS,WR,Jeshaun Jones,,0,,,,,,0,0,-8.75,3000,,6228286,1106382
1128085,MIA,NYJ,TE,Greg Dulcich,3.46,0.31,,,,8,0.7,0,0,-4.29,2500,,3492045,1128085
213957,PIT,BAL,QB,Aaron Rodgers,14.95,2.85,,,,22.7,8.6,0,0,-1.00,5100,,11601,213957
973947,MIA,NYJ,QB,Tua Tagovailoa,16.07,3.22,,,,24.3,9,0,0,-0.08,5200,,1844363,973947
590796,IND,JAX,RB,Ameer Abdullah,1.39,0.13,,,,6.7,,0,0,-9.36,4000,,21604,590796
1218880,CLE,TEN,WR,Luke Floriea,,0,,,,,,0,0,-8.75,3000,,8408939,1218880
975829,DEN,LV,QB,Sam Ehlinger,,0,,,,,,0,0,-13.75,4000,,2861902,975829
1214183,TEN,CLE,WR,Xavier Restrepo,,0,,,,,,0,0,-8.75,3000,,8268818,1214183
1217021,PIT,BAL,WR,Max Hurleman,,0,,,,,,0,0,-8.75,3000,,8429611,1217021
1109133,GB,CHI,QB,Clayton Tune,,0,,,,,,0,0,-13.75,4000,,4687486,1109133
596417,LV,DEN,WR,Phillip Dorsett II,,0,,,,,,0,0,-8.75,3000,,21666,596417
750846,NO,TB,RB,Alvin Kamara,,0,,,,,,0,0,-13.75,5500,,36998,750846
881779,MIN,WAS,TE,Josh Oliver,2.19,0.14,,,,6.4,,0,0,-5.56,2500,,982372,881779
740704,JAX,IND,TE,Johnny Mundt,1.21,0.14,,,,5.1,,0,0,-6.54,2500,,37055,740704
1248031,ARI,LAR,RB,Trey Benson,,0,,,,,,0,0,-13.55,5400,,6227660,1248031
1229540,LAR,ARI,RB,Blake Corum,7.24,0.32,,,,15,1.7,0,0,-4.71,4600,,6228231,1229540
1229133,BAL,PIT,RB,Rasheen Ali,1.99,0.15,,,,7.6,,0,0,-8.76,4000,,6227728,1229133
1229386,LAR,ARI,WR,Brennan Presley,,0,,,,,,0,0,-8.75,3000,,8268478,1229386
1321291,NO,TB,RB,Audric Estime,0.52,0.15,,,,5.6,,0,0,-10.43,4100,,6227937,1321291
973949,BUF,CIN,WR,Tyrell Shavers,3.13,1.71,,,,8.3,,0,0,-5.62,3000,,4744237,973949
1214250,MIN,WAS,WR,Jordan Addison,13.28,3.93,,,,21.3,6.4,0,0,0.73,4900,,4687982,1214250
1228551,GB,CHI,TE,Drake Dabney,,0,,,,,,0,0,-7.75,2500,,8409631,1228551
1129452,MIN,WAS,TE,Ben Sims,,0,,,,3.7,,0,0,-7.75,2500,,4687976,1129452
1229541,MIA,NYJ,WR,A.J. Henning,,0,,,,,,0,0,-8.75,3000,,8262279,1229541
1106374,TEN,CLE,TE,Chig Okonkwo,4.61,1.2,,,,9.5,1.6,0,0,-4.94,3400,,3491778,1106374
1127065,GB,CHI,RB,Chris Brooks,0.76,0.13,,,,5.9,,0,0,-9.99,4000,,4744672,1127065
1229673,TEN,CLE,RB,Kalel Mullings,0.13,0.13,,,,4.9,,0,0,-10.62,4000,,8229045,1229673
1107232,WAS,MIN,TE,Colson Yankoff,0.13,0,,,,3.9,,0,0,-7.62,2500,,6228648,1107232
1228243,JAX,IND,RB,Ja'Quinden Jackson,,0,,,,,,0,0,-10.75,4000,,8250806,1228243
1229343,TB,NO,RB,Rachaad White,6.14,0.28,,,,13.2,1,0,0,-6.61,5000,,3492017,1229343
1113381,CLE,TEN,TE,Brenden Bates,,0,,,,,,0,0,-7.75,2500,,6227809,1113381
1444140,CHI,GB,QB,Tyson Bagent,,0,,,,,,0,0,-13.75,4000,,4715811,1444140
1115394,CIN,BUF,TE,Tanner Hudson,1.67,0.3,,,,5.8,,0,0,-6.08,2500,,328798,1115394
1325231,NYJ,MIA,RB,Braelon Allen,,0,,,,,,0,0,-10.75,4000,,6228431,1325231
1215022,IND,JAX,QB,Anthony Richardson Sr.,,0,,,,,,0,0,-13.75,4000,,4687802,1215022
1127066,GB,CHI,TE,McCallan Castles,,0,,,,,,0,0,-7.75,2500,,6228455,1127066
1214087,SEA,ATL,WR,Jaxon Smith-Njigba,25.11,14.73,,,,35.2,14.7,0,0,4.36,9000,,4688187,1214087
1228244,ATL,SEA,RB,Bijan Robinson,23.4,15.71,,,,34.6,12.3,0,0,3.65,8500,,4687512,1228244
1215077,IND,JAX,WR,Josh Downs,9.46,1.4,,,,16.5,4.2,0,0,-2.09,4400,,4687801,1215077
1059680,JAX,IND,TE,Quintin Morris,0.76,0,,,,4.6,,0,0,-6.99,2500,,2861751,1059680
1122182,LV,DEN,RB,Dylan Laube,0.08,0.15,,,,5,,0,0,-10.67,4000,,6228165,1122182
1049263,TB,NO,TE,Cade Otton,7.97,2.43,,,,13.8,3.8,0,0,-1.98,3600,,3492018,1049263
884609,NO,TB,TE,Juwan Johnson,9.68,4.49,,,,15.7,5,0,0,-1.07,4000,,1844771,884609
1223393,SEA,ATL,WR,Tory Horton,,0,,,,,,0,0,-8.75,3000,,8228995,1223393
1106760,LAR,ARI,WR,Tutu Atwell,,0,,,,,,0,0,-9.35,3300,,2862399,1106760
1218631,CIN,BUF,WR,Jermaine Burton,,0,,,,,,0,0,-8.75,3000,,6227840,1218631
1109731,CLE,TEN,TE,Blake Whiteheart,,0,,,,3.7,,0,0,-7.75,2500,,4715678,1109731
1315563,MIN,WAS,TE,Bryson Nesbit,,0,,,,,,0,0,-7.75,2500,,8250962,1315563
1218653,NYJ,MIA,WR,Arian Smith,0.61,0.21,,,,5.2,,0,0,-8.14,3000,,8228888,1218653
592538,ARI,LAR,QB,Jeff Driskel,,0,,,,,,0,0,-13.75,4000,,35677,592538
1215078,BUF,CIN,WR,Stephen Gosnell,,0,,,,,,0,0,-8.75,3000,,8238287,1215078
1179790,GB,CHI,TE,Luke Musgrave,3.42,0.28,,,,7.9,0.5,0,0,-4.53,2600,,4687754,1179790
1166480,PIT,BAL,RB,Lew Nichols,,0,,,,,,0,0,-10.75,4000,,4687751,1166480
1286050,ARI,LAR,RB,Corey Kiner,0.03,0,,,,4.9,,0,0,-10.72,4000,,8268732,1286050
1056392,TEN,CLE,WR,Lance McCutcheon,,0,,,,,,0,0,-8.75,3000,,3516161,1056392
1121050,SEA,ATL,WR,Jake Bobo,,0,,,,4.3,,0,0,-8.75,3000,,4716451,1121050
1049792,LAR,ARI,TE,Nick Muse,,0,,,,,,0,0,-7.75,2500,,3491546,1049792
1169263,JAX,IND,WR,Chandler Brayboy,,0,,,,,,0,0,-8.75,3000,,8250809,1169263
1214242,CLE,TEN,TE,Caden Prieskorn,,0,,,,,,0,0,-7.75,2500,,8250690,1214242
1214132,ATL,SEA,RB,Nathan Carter,,0,,,,4.9,,0,0,-10.75,4000,,8261767,1214132
1116001,MIN,WAS,RB,Jordan Mason,7.13,0.58,,,,14.6,2.1,0,0,-7.22,5800,,3492222,1116001
1172080,NO,TB,WR,Bub Means,,0,,,,,,0,0,-8.75,3000,,6228356,1172080
1315586,ARI,LAR,WR,Tejhaun Palmer,,0,,,,,,0,0,-8.75,3000,,6227658,1315586
1107037,GB,CHI,TE,Josh Whyle,3.16,0.13,,,,7.7,0.3,0,0,-4.59,2500,,4688224,1107037
1229489,ARI,LAR,TE,Tip Reiman,,0,,,,,,0,0,-7.75,2500,,6227659,1229489
926280,MIA,NYJ,WR,Dee Eskridge,0.41,0.21,,,,4.8,,0,0,-8.34,3000,,2862461,926280
1327169,JAX,IND,RB,Bhayshul Tuten,7.28,0.33,,,,14.9,1.8,0,0,-5.07,4800,,8228650,1327169
1167361,LAR,ARI,RB,Kyren Williams,16.99,9.46,,,,27.7,7,0,0,1.04,6600,,3492191,1167361
1059220,NYJ,MIA,WR,Brandon Smith,,0,,,,,,0,0,-8.75,3000,,2862013,1059220
1058076,TB,NO,WR,Dennis Houston,,0,,,,,,0,0,-8.75,3000,,3515760,1058076
1049254,NO,TB,QB,Jake Haener,,0,,,,,,0,0,-13.75,4000,,4688035,1049254
1116662,PIT,BAL,TE,Pat Freiermuth,6.66,1.06,,,,12.1,2.9,0,0,-1.89,2900,,2861601,1116662
1228730,CIN,BUF,RB,Tahj Brooks,,0,,,,4.9,,0,0,-10.75,4000,,8228448,1228730
748070,TB,NO,QB,Baker Mayfield,18.53,4.87,,,,27.6,10.9,0,0,1.18,5800,,328157,748070
1108534,ATL,SEA,WR,Dylan Drummond,5.89,1.48,,,,11.9,2,0,0,-2.86,3000,,4773069,1108534
1107478,ATL,SEA,QB,Michael Penix Jr.,,0,,,,,,0,0,-13.75,4000,,6227693,1107478
1130270,MIN,WAS,WR,Rondale Moore,,0,,,,,,0,0,-8.75,3000,,2862366,1130270
1107027,IND,JAX,WR,Alec Pierce,11.62,7.92,,,,19.4,5.3,0,0,-1.33,5100,,3491723,1107027
1286173,NO,TB,TE,Moliki Matavao,,0,,,,,,0,0,-7.75,2500,,8228833,1286173
1122592,NO,TB,WR,Chris Olave,14.34,8.57,,,,22.3,7.4,0,0,-1.41,6500,,3491988,1122592
1177053,BAL,PIT,WR,Zay Flowers,15.89,7.04,,,,24.4,8,0,0,0.94,6100,,4687538,1177053
1232592,LV,DEN,TE,Michael Mayer,,0,,,,,,0,0,-8.75,3000,,4687882,1232592
1169430,TEN,CLE,RB,Tyjae Spears,7.45,0.48,,,,14.8,2.2,0,0,-5.10,4900,,4688225,1169430
1289220,NO,TB,TE,Zaire Mitchell-Paden,,0,,,,3.7,,0,0,-7.75,2500,,3515342,1289220
350,NO,TB,DST,Saints,4.44,2.74,,,,10.6,0.2,0,0,-1.16,2300,,18433,350
361,SEA,ATL,DST,Seahawks,7.46,1.64,,,,13.1,2.2,0,0,-1.54,4000,,18441,361
1213881,NO,TB,WR,Ja'Lynn Polk,,0,,,,,,0,0,-8.75,3000,,6228326,1213881
1213782,PIT,BAL,QB,Will Howard,,0,,,,,,0,0,-13.75,4000,,8228943,1213782
1399275,JAX,IND,WR,Travis Hunter,,0,,,,,,0,0,-8.75,3000,,8217177,1399275
1125111,BAL,PIT,TE,Isaiah Likely,6.63,1.55,,,,12.1,2.6,0,0,-2.32,3100,,3491355,1125111
1116663,TEN,CLE,QB,Will Levis,,0,,,,,,0,0,-13.75,4000,,4688226,1116663
1114364,LV,DEN,WR,Shedrick Jackson,0.16,0,,,,4.6,,0,0,-8.59,3000,,4715836,1114364
1214112,LAR,ARI,WR,Tyler Scott,,0,,,,,,0,0,-8.75,3000,,4687603,1214112
1213386,NYJ,MIA,QB,Brady Cook,,0,,,,,,0,0,-13.75,4000,,8251067,1213386
1109711,WAS,MIN,QB,Sam Hartman,,0,,,,,,0,0,-13.75,4000,,6228649,1109711
1215102,TEN,CLE,WR,Chimere Dike,7.31,1.11,,,,13.7,2,0,0,-4.44,4500,,8229048,1215102
1108996,ATL,SEA,QB,Emory Jones,,0,,,,,,0,0,-13.75,4000,,6227726,1108996
1130260,TB,NO,TE,Payne Durham,0.57,0.22,,,,4.3,,0,0,-7.18,2500,,4688204,1130260
1057484,SEA,ATL,WR,Cody White,0.83,0.45,,,,5.4,,0,0,-7.92,3000,,2185208,1057484
1286064,JAX,IND,WR,Brian Thomas Jr.,9.88,3.77,,,,17.2,4.2,0,0,-4.67,5900,,6228100,1286064
1059684,MIN,WAS,QB,Desmond Ridder,,0,,,,,,0,0,-13.75,4000,,3491929,1059684
362,TB,NO,DST,Buccaneers,7.94,3.91,,,,13.6,2.5,0,0,-0.26,3600,,18443,362
1213442,SEA,ATL,WR,Jimmy Holiday,,0,,,,,,0,0,-8.75,3000,,8350232,1213442
1379267,GB,CHI,WR,Matthew Golden,,0,,,,,,0,0,-10.55,3900,,8217102,1379267
1124199,TEN,CLE,TE,David Martin-Robinson,0.15,0.11,,,,3.7,,0,0,-7.60,2500,,6228620,1124199
1228633,TB,NO,RB,Sean Tucker,3.04,0.36,,,,9,-0.1,0,0,-8.71,4500,,4773613,1228633
1056660,JAX,IND,WR,Austin Trammell,5.04,0,,,,10.9,1.2,0,0,-3.71,3000,,2862133,1056660
1164141,SEA,ATL,WR,Courtney Jackson,,0,,,,,,0,0,-8.75,3000,,8238445,1164141
1110681,NYJ,MIA,QB,Justin Fields,,0,,,,,,0,0,-13.75,4000,,2861635,1110681
1067132,CIN,BUF,WR,Charlie Jones,1.34,0.21,,,,5.8,,0,0,-7.41,3000,,4687627,1067132
1286164,LV,DEN,WR,Dont'e Thornton Jr.,,0,,,,,,0,0,-8.75,3000,,8228700,1286164
1289332,LAR,ARI,WR,Konata Mumpfield,1.32,0.22,,,,6.1,,0,0,-7.43,3000,,8228750,1289332
1179244,TB,NO,RB,Michael Wiley,,0,,,,,,0,0,-10.75,4000,,6228646,1179244
341,LV,DEN,DST,Raiders,4.45,2.96,,,,10.6,0.1,0,0,-0.55,2000,,18436,341
352,NYJ,MIA,DST,Jets,5.28,1.74,,,,11.1,0.7,0,0,-0.72,2500,,18435,352
1213872,GB,CHI,WR,Savion Williams,,0,,,,,,0,0,-8.75,3000,,8223085,1213872
363,WAS,MIN,DST,Commanders,7.12,20.62,,,,12.9,2,0,0,0.52,2800,,18445,363
1123364,TEN,CLE,TE,Joel Wilson,,0,,,,,,0,0,-7.75,2500,,4688029,1123364
1123496,ARI,LAR,WR,Simi Fehoko,,0,,,,,,0,0,-8.75,3000,,2862007,1123496
1322431,BUF,CIN,WR,Keon Coleman,6.39,2.57,,,,12.8,1.9,0,0,-4.36,4000,,6227754,1322431
1325830,BAL,PIT,RB,Lucas Scott,,0,,,,,,0,0,-10.75,4000,,-1325830,1325830
1228920,WAS,MIN,TE,Ben Sinnott,0.63,0.23,,,,4.4,,0,0,-7.12,2500,,6228652,1228920
1468632,LV,DEN,TE,Carter Runyon,,0,,,,3.7,,0,0,-7.75,2500,,8274658,1468632
1049246,IND,JAX,RB,Salvon Ahmed,,0,,,,,,0,0,-10.75,4000,,1849808,1049246
1313642,ARI,LAR,RB,Montrell Johnson Jr.,,0,,,,,,0,0,-10.75,4000,,8262446,1313642
1113398,TEN,CLE,WR,Bryce Oliver,,0,,,,,,0,0,-8.75,3000,,6228615,1113398
604390,TEN,CLE,QB,Brandon Allen,,0,,,,,,0,0,-13.75,4000,,35523,604390
1229503,SEA,ATL,TE,AJ Barner,10.33,5.85,,,,16.5,5.1,0,0,1.18,3200,,6228551,1229503
1172050,SEA,ATL,RB,Kenny McIntosh,,0,,,,,,0,0,-10.75,4000,,4688185,1172050
1176792,PIT,BAL,WR,John Rhys Plumlee,,0,,,,,,0,0,-8.75,3000,,6228487,1176792
924381,CIN,BUF,WR,Kendric Pryor,,0,,,,,,0,0,-8.75,3000,,3515312,924381
1218658,PIT,BAL,TE,Darnell Washington,5.74,1.26,,,,10.8,2.2,0,0,-2.21,2600,,4688136,1218658
1109758,DEN,LV,WR,A.T. Perry,,0,,,,,,0,0,-8.75,3000,,4688034,1109758
1229669,PIT,BAL,WR,Roman Wilson,3.67,0.34,,,,9,0.4,0,0,-5.08,3000,,6228488,1229669
912061,MIA,NYJ,WR,Cedrick Wilson Jr.,0.81,0.21,,,,5.4,,0,0,-7.94,3000,,328586,912061
1163273,LAR,ARI,WR,Jordan Whittington,1.41,0.21,,,,6.1,,0,0,-7.34,3000,,6228229,1163273
1229218,MIA,NYJ,TE,Jalin Conyers,,0,,,,,,0,0,-7.75,2500,,8262278,1229218
1378840,JAX,IND,RB,LeQuint Allen Jr.,1.14,0.13,,,,6.3,,0,0,-9.61,4000,,8228649,1378840
1286176,DEN,LV,WR,Troy Franklin,12.97,2.31,,,,20.9,6.1,0,0,-0.78,5500,,6227934,1286176
1059576,MIN,WAS,RB,Ty Chandler,,0,,,,,,0,0,-10.75,4000,,3491547,1059576
1213730,LAR,ARI,TE,Mark Redman,,0,,,,,,0,0,-7.75,2500,,8268477,1213730
1231033,BAL,PIT,WR,LaJohntay Wester,0.12,0.21,,,,4.3,,0,0,-8.63,3000,,8228348,1231033
1067089,CIN,BUF,QB,Sean Clifford,,0,,,,,,0,0,-13.75,4000,,4687752,1067089
1124355,ARI,LAR,TE,Messiah Swinson,,0,,,,,,0,0,-7.75,2500,,6227996,1124355
1123398,GB,CHI,WR,Jayden Reed,7.64,1.92,,,,14.4,2.8,0,0,-3.51,4200,,4687753,1123398
1215974,LV,DEN,RB,Chris Collier,,0,,,,,,0,0,-10.75,4000,,6227725,1215974
1213345,CIN,BUF,RB,Kendall Milton,,0,,,,,,0,0,-10.75,4000,,6228453,1213345
1107536,TB,NO,TE,Devin Culp,0.18,0.26,,,,4,,0,0,-7.57,2500,,6228585,1107536
1118668,TB,NO,WR,Ryan Miller,0.31,0,,,,4.7,,0,0,-8.44,3000,,4744955,1118668
1305866,DEN,LV,WR,Pat Bryant,8.31,5.19,,,,15.1,3.4,0,0,-1.24,3400,,8223043,1305866
1165650,ATL,SEA,WR,Nick Nash,,0,,,,,,0,0,-8.75,3000,,8261766,1165650
946261,MIA,NYJ,TE,Tanner Conner,,0,,,,,,0,0,-7.75,2500,,3515547,946261
1109979,CIN,BUF,WR,Ja'Marr Chase,22.09,15.74,,,,31.5,12.6,0,0,2.94,8200,,2861551,1109979
749185,DEN,LV,TE,Evan Engram,8.37,3.72,,,,14.2,4,0,0,-1.18,3400,,36968,749185
1108208,BAL,PIT,WR,Rashod Bateman,5.8,1,,,,12,1.6,0,0,-3.95,3500,,2861521,1108208
1069763,LAR,ARI,QB,Stetson Bennett IV,,0,,,,,,0,0,-13.75,4000,,-1069763,1069763
1123630,MIA,NYJ,TE,Julian Hill,1.83,0.14,,,,6,,0,0,-5.92,2500,,4744671,1123630
1124851,CIN,BUF,WR,Andrei Iosivas,4.91,1.01,,,,10.8,1,0,0,-7.04,4600,,4687628,1124851
1386002,CLE,TEN,WR,Kaden Davis,,0,,,,,,0,0,-8.75,3000,,3516007,1386002
1122596,NYJ,MIA,TE,Jeremy Ruckert,2.69,0.26,,,,7,0.2,0,0,-5.06,2500,,3491659,1122596
1131198,ATL,SEA,RB,Tyler Allgeier,6.74,0.31,,,,14.2,1.2,0,0,-5.01,4500,,3491931,1131198
338280,CHI,GB,QB,Case Keenum,,0,,,,,,0,0,-13.75,4000,,16877,338280
332,DEN,LV,DST,Broncos,9.08,8.59,,,,15.1,3.9,0,0,0.28,3900,,18423,332
1125632,JAX,IND,QB,Carter Bradley,,0,,,,,,0,0,-13.75,4000,,6228169,1125632
1124664,CLE,TEN,WR,Cedric Tillman,5.13,0.67,,,,11,1.2,0,0,-4.42,3400,,4687650,1124664
343,LAR,ARI,DST,Rams,8.5,3.94,,,,14.5,3,0,0,-0.10,3800,,18442,343
1223301,ARI,LAR,WR,Jalen Brooks,2.58,0,,,,7.6,,0,0,-6.17,3000,,4687678,1223301
365,JAX,IND,DST,Jaguars,5.95,2.93,,,,12,1,0,0,-0.45,2700,,18428,365
1465213,CHI,GB,WR,Jahdae Walker,,0,,,,4.3,,0,0,-8.75,3000,,8268095,1465213
1232057,PIT,BAL,WR,Ke'Shawn Williams,,0,,,,4.3,,0,0,-8.75,3000,,8251126,1232057
1325513,TEN,CLE,WR,Hal Presley III,,0,,,,,,0,0,-8.75,3000,,-1325513,1325513
1107878,JAX,IND,WR,Dyami Brown,2.11,0.25,,,,7.1,,0,0,-6.64,3000,,2862095,1107878
1229846,SEA,ATL,WR,Ricky White III,,0,,,,,,0,0,-8.75,3000,,8228992,1229846
943093,LV,DEN,TE,Ian Thomas,5.16,0.21,,,,10.2,2,0,0,-2.59,2500,,328735,943093
1173032,MIA,NYJ,WR,Tahj Washington,,0,,,,4.3,,0,0,-8.75,3000,,6228259,1173032
836152,CIN,BUF,TE,Mike Gesicki,5.09,1.1,,,,10.2,1.6,0,0,-4.66,3500,,328364,836152
1286662,CIN,BUF,WR,Jordan Moore,,0,,,,,,0,0,-8.75,3000,,8238369,1286662
1176431,ATL,SEA,WR,Casey Washington,,0,,,,4.3,,0,0,-8.75,3000,,6227691,1176431
1178741,ATL,SEA,WR,Drake London,,0,,,,,,0,0,-17.35,7300,,3491928,1178741
913163,BAL,PIT,QB,Tyler Huntley,,0,,,,,,0,0,-13.75,4000,,2184520,913163
838396,JAX,IND,TE,Jordan Akins,,0,,,,,,0,0,-7.75,2500,,328461,838396
1168753,JAX,IND,TE,Patrick Herbert,,0,,,,,,0,0,-7.75,2500,,8262138,1168753
1231431,DEN,LV,TE,Caleb Lohner,,0,,,,,,0,0,-7.75,2500,,8228522,1231431
1131012,BUF,CIN,RB,James Cook III,21.83,17.83,,,,32.8,10.2,0,0,3.48,7800,,3491576,1131012
1286046,LV,DEN,WR,Jack Bech,5.82,1.6,,,,11.8,1.9,0,0,-2.93,3000,,8223208,1286046
1166036,IND,JAX,WR,Ashton Dulin,,0,,,,,,0,0,-8.75,3000,,982346,1166036
915066,BUF,CIN,RB,Reggie Gilliam,0.11,0,,,,4.9,,0,0,-10.64,4000,,1844335,915066
1466721,NO,TB,TE,Mason Pline,,0,,,,,,0,0,-7.75,2500,,6228514,1466721
355,ARI,LAR,DST,Cardinals,4.21,1.06,,,,10.7,0.4,0,0,-1.19,2200,,18415,355
366,BAL,PIT,DST,Ravens,7.38,1.9,,,,13.4,2.1,0,0,-0.62,3500,,18446,366
1213897,TB,NO,WR,Garrett Greene,,0,,,,,,0,0,-8.75,3000,,8245048,1213897
1123026,ATL,SEA,TE,Kyle Pitts Sr.,15.26,13.53,,,,22.1,8.7,0,0,4.11,4200,,2862126,1123026
600191,MIA,NYJ,TE,Darren Waller,8.64,3.75,,,,14.6,4,0,0,-1.71,3800,,21556,600191
746491,ARI,LAR,WR,Zay Jones,,0,,,,,,0,0,-8.75,3000,,36889,746491
749681,WAS,MIN,WR,River Cracraft,,0,,,,,,0,0,-8.75,3000,,37962,749681
1214689,WAS,MIN,WR,Jaylin Lane,1.59,0.23,,,,6,,0,0,-7.76,3300,,8229073,1214689
1215305,CIN,BUF,WR,Mitch Tinsley,0.95,0.4,,,,5.6,,0,0,-9.00,3600,,4688248,1215305
910380,ATL,SEA,QB,Kyle Trask,,0,,,,,,0,0,-13.75,4000,,2862218,910380
1412326,TB,NO,WR,Kameron Johnson,0.17,0.3,,,,4.3,,0,0,-8.58,3000,,6228583,1412326
922040,ATL,SEA,TE,Charlie Woerner,0.86,0.14,,,,4.7,,0,0,-6.89,2500,,1849814,922040
1303569,IND,JAX,RB,DJ Giddens,,0,,,,4.9,,0,0,-10.75,4000,,8228624,1303569
1176432,NYJ,MIA,WR,Isaiah Williams,2.63,0.23,,,,7.7,,0,0,-6.12,3000,,6227963,1176432
1176443,PIT,BAL,RB,Jaylen Warren,14,2.85,,,,23.1,6,0,0,-0.75,6000,,3491433,1176443
1163265,CHI,GB,RB,Roschon Johnson,,0,,,,,,0,0,-10.75,4000,,4687604,1163265
1165333,CLE,TEN,QB,Dillon Gabriel,,0,,,,,,0,0,-13.75,4000,,8222998,1165333
1169832,GB,CHI,WR,Jakobie Keeney-James,,0,,,,,,0,0,-8.75,3000,,8250689,1169832
1059612,BUF,CIN,WR,Joshua Palmer,,0,,,,,,0,0,-9.75,3500,,2862340,1059612
1122653,GB,CHI,WR,Romeo Doubs,10.55,4.36,,,,17.8,4.3,0,0,-2.00,4900,,3491516,1122653
1287587,MIN,WAS,WR,Tai Felton,,0,,,,4.3,,0,0,-8.75,3000,,8223294,1287587
1378821,CHI,GB,TE,Colston Loveland,8.76,4.99,,,,14.7,4.3,0,0,-0.39,3200,,8216973,1378821
1377732,CHI,GB,WR,Luther Burden III,11.41,11.29,,,,19,5.4,0,0,1.06,3800,,8222949,1377732
1166235,ARI,LAR,RB,Sincere McCormick,,0,,,,,,0,0,-10.75,4000,,3516068,1166235
915397,MIN,WAS,RB,C.J. Ham,,0,,,,4.9,,0,0,-10.75,4000,,35471,915397
1122323,DEN,LV,TE,Lucas Krull,,0,,,,,,0,0,-7.75,2500,,3503947,1122323
884080,TEN,CLE,WR,Van Jefferson,4.58,0.64,,,,10.3,1,0,0,-4.37,3100,,1849783,884080
1286179,LAR,ARI,TE,Terrance Ferguson,3.53,0.16,,,,8.1,0.6,0,0,-4.22,2500,,8223257,1286179
323,ATL,SEA,DST,Falcons,4.52,2.71,,,,10.7,0.6,0,0,-1.48,2500,,18416,323
345,MIA,NYJ,DST,Dolphins,6.83,4.49,,,,12.6,1.6,0,0,-0.77,3300,,18430,345
356,PIT,BAL,DST,Steelers,5.81,3.95,,,,12,1.3,0,0,-0.39,2600,,18438,356
1137635,LAR,ARI,WR,Xavier Smith,4.35,0.53,,,,9.8,0.6,0,0,-4.60,3100,,4716168,1137635
1379646,LV,DEN,RB,Ashton Jeanty,19.55,14.38,,,,29.8,9.8,0,0,4.60,6100,,8217222,1379646
1123379,CIN,BUF,RB,Chase Brown,16.38,7.08,,,,26.9,6.8,0,0,0.23,6700,,4687629,1123379
1213414,GB,CHI,RB,MarShawn Lloyd,,0,,,,,,0,0,-10.75,4000,,6228001,1213414
1213799,DEN,LV,WR,Marvin Mims Jr.,5.78,0.59,,,,11.7,1.5,0,0,-4.37,3700,,4687701,1213799
1106846,GB,CHI,WR,Michael Woods II,,0,,,,,,0,0,-8.75,3000,,3491401,1106846
1128527,ARI,LAR,RB,Jermar Jefferson,,0,,,,,,0,0,-10.75,4000,,2861666,1128527
1128538,ATL,SEA,TE,Teagan Quitoriano,0.16,0.13,,,,3.9,,0,0,-7.59,2500,,3491690,1128538
1323007,CLE,TEN,WR,Gage Larvadain,1.23,0.21,,,,5.6,,0,0,-7.52,3000,,8268155,1323007
1164530,SEA,ATL,RB,Zach Charbonnet,9.47,0.97,,,,18,3.1,0,0,-3.48,5100,,4688186,1164530
834195,MIA,NYJ,RB,Jeff Wilson Jr.,,0,,,,,,0,0,-10.75,4000,,329007,834195
1381263,NYJ,MIA,TE,Mason Taylor,8.11,1.38,,,,13.9,3.8,0,0,-1.24,3300,,8223384,1381263
837594,WAS,MIN,RB,Jeremy McNichols,6.04,0.21,,,,12.9,1.3,0,0,-5.11,4200,,37006,837594
1293066,NO,TB,RB,Devin Neal,12.57,4.02,,,,21.1,5.7,0,0,-0.38,5100,,8228834,1293066
1121873,IND,JAX,TE,Will Mallory,,0,,,,3.7,,0,0,-7.75,2500,,4687800,1121873
1287566,WAS,MIN,RB,Donovan Edwards,,0,,,,,,0,0,-10.75,4000,,8251068,1287566
1166335,ATL,SEA,TE,Joshua Simon,,0,,,,,,0,0,-7.75,2500,,8261769,1166335
1069535,MIN,WAS,WR,Justin Jefferson,19.03,9.6,,,,27.8,10.6,0,0,2.48,6900,,1844306,1069535
1287599,MIN,WAS,QB,J.J. McCarthy,18.43,5.47,,,,27.6,10.6,0,0,3.28,4700,,6228291,1287599
1057457,PIT,BAL,TE,Connor Heyward,0.74,0,,,,4.6,0.1,0,0,-7.01,2500,,3491431,1057457
1110697,LV,DEN,RB,Zamir White,,0,,,,4.9,,0,0,-10.75,4000,,3492105,1110697
1135513,BUF,CIN,TE,Dalton Kincaid,,0,,,,,,0,0,-11.35,4300,,4687560,1135513
1287258,MIN,WAS,TE,Gavin Bartholomew,,0,,,,,,0,0,-7.75,2500,,8228791,1287258
742390,ARI,LAR,RB,James Conner,,0,,,,,,0,0,-10.75,4000,,36851,742390
1377766,MIA,NYJ,RB,Ollie Gordon II,4.63,0.2,,,,11.3,0.1,0,0,-6.72,4300,,8228772,1377766
324,BUF,CIN,DST,Bills,5.67,2.87,,,,11.9,1,0,0,-2.13,3400,,18417,324
1113403,WAS,MIN,RB,Chris Rodriguez Jr.,7.58,1.12,,,,15.3,2.4,0,0,-4.57,4700,,4688250,1113403
335,GB,CHI,DST,Packers,7.54,7.08,,,,13.4,2.6,0,0,0.34,3100,,18425,335
1172990,TB,NO,RB,Josh Williams,,0,,,,,,0,0,-10.75,4000,,8245046,1172990
1233127,BUF,CIN,RB,Frank Gore Jr.,,0,,,,,,0,0,-10.75,4000,,6227751,1233127
1225999,LV,DEN,WR,Brenden Rice,,0,,,,,,0,0,-8.75,3000,,6228202,1225999
1228925,DEN,LV,RB,Deuce Vaughn,,0,,,,,,0,0,-10.75,4000,,4687677,1228925
503184,NO,TB,TE,Taysom Hill,4.68,0.28,,,,8.4,3,0,0,-3.47,2700,,36873,503184
606551,WAS,MIN,WR,Chris Moore,,0,,,,,,0,0,-8.75,3000,,35415,606551
1286840,SEA,ATL,TE,Elijah Arroyo,3.14,0.19,,,,7.7,0.3,0,0,-4.61,2500,,8223482,1286840
1447759,GB,CHI,RB,Emanuel Wilson,5.67,0.61,,,,12.6,0.8,0,0,-6.68,4800,,4799359,1447759
1215329,GB,CHI,WR,Will Sheppard,,0,,,,,,0,0,-8.75,3000,,8245045,1215329
605242,LV,DEN,WR,Tyler Lockett,7.06,0.7,,,,13.2,2.9,0,0,-2.69,3500,,21808,605242
911020,IND,JAX,TE,Sean McKeon,,0,,,,,,0,0,-7.75,2500,,1844580,911020
1173485,IND,JAX,RB,Ulysses Bentley IV,,0,,,,,,0,0,-10.75,4000,,8250773,1173485
1063397,IND,JAX,WR,D.J. Montgomery,,0,,,,,,0,0,-8.75,3000,,1001267,1063397
1399910,CLE,TEN,RB,Dylan Sampson,,0,,,,,,0,0,-11.55,4400,,8228474,1399910
1286445,CHI,GB,QB,Caleb Williams,16.24,3.32,,,,25.3,8.3,0,0,-0.71,5600,,6227816,1286445
607047,ARI,LAR,QB,Jacoby Brissett,19.55,9.26,,,,27.9,10.7,0,0,2.40,5700,,35493,607047
1178557,JAX,IND,WR,Joshua Cephus,,0,,,,,,0,0,-8.75,3000,,6228097,1178557
838179,JAX,IND,WR,Tim Patrick,4.03,0.3,,,,9.6,0.4,0,0,-4.92,3100,,36825,838179
1120499,TB,NO,TE,Evan Deckers,,0,,,,,,0,0,-7.75,2500,,-1120499,1120499
877790,CHI,GB,WR,DJ Moore,10.88,3.43,,,,18.3,4.8,0,0,-1.47,4800,,328733,877790
1060890,TB,NO,TE,Tanner Taula,,0,,,,,,0,0,-7.75,2500,,4744954,1060890
919304,SEA,ATL,RB,Velus Jones Jr.,,0,,,,4.9,,0,0,-10.75,4000,,3491460,919304
1225703,NYJ,MIA,WR,Quentin Skinner,,0,,,,,,0,0,-8.75,3000,,8251069,1225703
336,TEN,CLE,DST,Titans,6.84,12.13,,,,12.8,1.9,0,0,0.04,2900,,18444,336
347,MIN,WAS,DST,Vikings,6.09,1.09,,,,11.9,1.3,0,0,-0.91,3000,,18431,347
1213867,NO,TB,RB,Kendre Miller,,0,,,,,,0,0,-10.75,4000,,4688037,1213867
546184,TEN,CLE,QB,Trevor Siemian,,0,,,,,,0,0,-13.75,4000,,21750,546184
1124338,DEN,LV,RB,Tyler Badie,3.58,0.14,,,,9.5,0.7,0,0,-7.17,4000,,3491354,1124338
976251,SEA,ATL,RB,Cam Akers,,0,,,,4.9,,0,0,-10.75,4000,,1849790,976251
1222139,MIN,WAS,WR,Dontae Fleming,,0,,,,,,0,0,-8.75,3000,,8250965,1222139
1161661,IND,JAX,WR,Anthony Gould,0.19,0.21,,,,4.3,,0,0,-8.56,3000,,6228063,1161661
921460,TB,NO,WR,Brandon Johnson,,0,,,,,,0,0,-8.75,3000,,3516008,921460
1321029,LAR,ARI,WR,Tru Edwards,,0,,,,,,0,0,-8.75,3000,,8268481,1321029
1228728,MIN,WAS,WR,Myles Price,0.2,0.21,,,,4.3,,0,0,-8.55,3000,,8268530,1228728
1215308,TEN,CLE,WR,Mason Kinsey,0.2,0.21,,,,4.7,,0,0,-8.55,3000,,1844553,1215308
1272321,CLE,TEN,QB,Shedeur Sanders,11.45,2.21,,,,19.8,4.8,0,0,-3.10,4400,,8228473,1272321
1184233,IND,JAX,WR,Coleman Owen,,0,,,,,,0,0,-8.75,3000,,8250775,1184233
1285895,CLE,TEN,RB,Raheim Sanders,0.37,0,,,,5.4,,0,0,-10.38,4000,,8244748,1285895
1173255,MIA,NYJ,WR,Malik Washington,9.48,1.56,,,,16.5,3.7,0,0,-1.47,4100,,6228260,1173255
604176,LAR,ARI,TE,Tyler Higbee,,0,,,,,,0,0,-7.75,2500,,35670,604176
1173266,NO,TB,RB,Evan Hull,2.63,0.15,,,,8.5,0.3,0,0,-8.12,4000,,4916613,1173266
824177,PIT,BAL,TE,Matt Sokol,,0,,,,,,0,0,-7.75,2500,,1002018,824177
1130213,NO,TB,WR,Ronnie Bell,,0,,,,,,0,0,-8.75,3000,,4688161,1130213
1130004,CHI,GB,TE,Qadir Ismail,,0,,,,,,0,0,-7.75,2500,,6227718,1130004
1398503,CLE,TEN,WR,Isaiah Bond,3.56,0.42,,,,8.9,0.1,0,0,-5.19,3000,,9683249,1398503
1242787,LV,DEN,QB,Cam Miller,,0,,,,,,0,0,-13.75,4000,,8228698,1242787
728169,BUF,CIN,QB,Mitchell Trubisky,,0,,,,,,0,0,-13.75,4000,,36854,728169
1125846,TEN,CLE,RB,Julius Chestnut,0.54,0,,,,5.6,,0,0,-10.21,4000,,3503728,1125846
884083,BUF,CIN,TE,Dawson Knox,6.81,3.95,,,,12.4,2.4,0,0,-1.54,2800,,982202,884083
326,CHI,GB,DST,Bears,3.82,1.87,,,,9.9,-0.1,0,0,-1.98,2400,,18419,326
1222789,BAL,PIT,RB,Keaton Mitchell,4.77,0.2,,,,11.1,0.2,0,0,-6.98,4500,,4744211,1222789
1060550,JAX,IND,TE,Hunter Long,,0,,,,3.7,,0,0,-7.75,2500,,2861780,1060550
1169329,MIN,WAS,QB,Max Brosmer,,0,,,,,,0,0,-14.15,4200,,8244817,1169329
920482,DEN,LV,WR,Michael Bandy,,0,,,,,,0,0,-8.75,3000,,2946514,920482
1191186,WAS,MIN,RB,Jacory Croskey-Merritt,4,0.17,,,,10.4,0.5,0,0,-8.15,4700,,8229072,1191186
1164940,JAX,IND,TE,Brenton Strange,9.04,4.75,,,,15.2,4.5,0,0,-1.51,3900,,4687831,1164940
823220,PIT,BAL,QB,Mason Rudolph,0.04,0,,,,4.2,-0.4,0,0,-13.91,4100,,328181,823220
1382993,NYJ,MIA,WR,Jamaal Pritchett,,0,,,,,,0,0,-8.75,3000,,8251070,1382993
1174752,NO,TB,QB,Spencer Rattler,,0,,,,,,0,0,-13.75,4000,,6228357,1174752
1394752,CLE,TEN,TE,Harold Fannin Jr.,8.93,6.99,,,,14.7,4.3,0,0,-1.22,3700,,8222999,1394752
922484,CHI,GB,RB,Travis Homer,,0,,,,4.9,,0,0,-10.75,4000,,982875,922484
1172024,WAS,MIN,WR,Treylon Burks,5.44,0.42,,,,11.5,1.7,0,0,-3.71,3200,,3491779,1172024
1164533,CIN,BUF,TE,Erick All Jr.,,0,,,,,,0,0,-7.75,2500,,6227839,1164533
1068822,ARI,LAR,TE,Travis Vokolek,,0,,,,,,0,0,-7.75,2500,,4744209,1068822
1066765,CHI,GB,TE,Cole Kmet,6,0.54,,,,11.2,2.4,0,0,-2.15,2700,,1844217,1066765
868199,BUF,CIN,QB,Josh Allen,23.1,10.31,,,,36.9,11.3,0,0,1.95,7700,,328331,868199
1231820,MIA,NYJ,RB,De'Von Achane,24.43,19.57,,,,36,12.5,0,0,4.08,8800,,4687954,1231820
1056865,NYJ,MIA,TE,Stone Smartt,,0,,,,3.7,,0,0,-7.75,2500,,3492135,1056865
1121887,LV,DEN,WR,Justin Shorter,,0,,,,,,0,0,-8.75,3000,,4687559,1121887
1120347,ATL,SEA,WR,Chris Blair,,0,,,,,,0,0,-8.75,3000,,2595531,1120347
1058648,BAL,PIT,TE,Charlie Kolar,1.17,0.23,,,,5.1,,0,0,-6.58,2500,,3491347,1058648
1131017,GB,CHI,TE,John FitzPatrick,1.38,0.13,,,,5.3,,0,0,-6.37,2500,,3491930,1131017
742382,PIT,BAL,WR,Marquez Valdes-Scantling,0.24,0,,,,4.6,,0,0,-8.51,3000,,328275,742382
1181892,CHI,GB,RB,Deion Hankins,,0,,,,,,0,0,-10.75,4000,,8268094,1181892
879981,IND,JAX,QB,Daniel Jones,17.35,3.93,,,,27.1,9.2,0,0,-0.80,6200,,972884,879981
1125737,CLE,TEN,RB,Jerome Ford,5.8,0.13,,,,12.6,1,0,0,-4.95,4000,,3491403,1125737
1333868,MIA,NYJ,QB,Quinn Ewers,,0,,,,,,0,0,-13.75,4000,,8228771,1333868
327,CIN,BUF,DST,Bengals,3.06,1.91,,,,9.5,-0.4,0,0,-2.14,2100,,18420,327
1213726,TB,NO,WR,Jalen McMillan,,0,,,,,,0,0,-10.75,4000,,6228587,1213726
338,IND,JAX,DST,Colts,6.02,1.15,,,,11.9,1,0,0,-1.38,3200,,18427,338
1214837,TB,NO,WR,Tez Johnson,7.03,1.21,,,,13.6,2,0,0,-3.12,3700,,8229018,1214837
920560,NO,TB,WR,Samori Toure,,0,,,,,,0,0,-8.75,3000,,3491512,920560
1271740,IND,JAX,TE,Drew Ogletree,0.44,0.14,,,,4.3,,0,0,-7.31,2500,,3491722,1271740
1182695,NO,TB,WR,Mason Tipton,5.07,0.75,,,,10.7,1.2,0,0,-3.68,3000,,6228352,1182695
1446717,DEN,LV,TE,Patrick Murtagh,,0,,,,,,0,0,-7.75,2500,,-1446717,1446717
1290165,IND,JAX,QB,Riley Leonard,,0,,,,,,0,0,-13.75,4000,,8228623,1290165
832098,CLE,TEN,TE,David Njoku,3.64,0.54,,,,8.3,0.6,0,0,-4.51,2700,,36844,832098
1164402,SEA,ATL,RB,Kenneth Walker III,14.52,13.52,,,,23.8,6.1,0,0,0.57,5600,,3492251,1164402
1163445,IND,JAX,WR,Eli Pancol,,0,,,,,,0,0,-8.75,3000,,8250808,1163445
828743,CLE,TEN,QB,Deshaun Watson,,0,,,,,,0,0,-13.75,4000,,36923,828743
1286513,MIA,NYJ,RB,Jaylen Wright,1.2,0.18,,,,6.6,,0,0,-9.55,4000,,6228261,1286513
606488,LAR,ARI,TE,Nick Vannett,,0,,,,3.7,,0,0,-7.75,2500,,35685,606488
1110711,JAX,IND,QB,Trevor Lawrence,16.74,7.06,,,,26.4,8.8,0,0,0.19,5400,,2861939,1110711
1057725,ATL,SEA,RB,Carlos Washington Jr.,,0,,,,,,0,0,-10.75,4000,,4715708,1057725
556483,DEN,LV,RB,Michael Burton,,0,,,,,,0,0,-10.75,4000,,21607,556483
1125749,MIA,NYJ,WR,Jaylen Waddle,15.44,10.7,,,,23.6,8.1,0,0,-0.91,6800,,2861778,1125749
1213727,CHI,GB,WR,Rome Odunze,,0,,,,,,0,0,-14.15,5700,,6227815,1213727
1116817,ARI,LAR,RB,Emari Demercado,,0,,,,,,0,0,-11.55,4400,,4715680,1116817
835861,ARI,LAR,WR,Trent Sherfield Sr.,3.27,0,,,,8.6,0.1,0,0,-5.48,3000,,328944,835861
1172752,NO,TB,TE,Treyton Welch,,0,,,,,,0,0,-7.75,2500,,6227868,1172752
746244,BAL,PIT,WR,Keith Kirkwood,,0,,,,,,0,0,-8.75,3000,,328764,746244
748554,IND,JAX,WR,Laquon Treadwell,0.25,0.21,,,,4.7,,0,0,-8.50,3000,,35473,748554
1161664,LAR,ARI,TE,Davis Allen,4,0.26,,,,8.7,0.8,0,0,-3.95,2600,,4687936,1161664
503177,WAS,MIN,TE,Zach Ertz,10.39,3.17,,,,16.6,5.4,0,0,-1.36,4500,,16583,503177
1066811,LV,DEN,QB,Aidan O'Connell,,0,,,,,,0,0,-13.75,4000,,4687880,1066811
944343,MIA,NYJ,RB,Alexander Mattison,,0,,,,,,0,0,-10.75,4000,,982173,944343
607864,BUF,CIN,WR,Brandin Cooks,3.37,0.34,,,,8.7,0.1,0,0,-5.78,3200,,18281,607864
1380476,WAS,MIN,WR,Jacoby Jones,,0,,,,,,0,0,-8.75,3000,,8275099,1380476
836103,WAS,MIN,WR,Noah Brown,4.44,0.52,,,,10.1,0.9,0,0,-4.31,3000,,36957,836103
920077,LV,DEN,TE,Albert Okwuegbunam Jr.,,0,,,,,,0,0,-7.75,2500,,1844837,920077
823156,MIA,NYJ,WR,Tyreek Hill,,0,,,,,,0,0,-8.75,3000,,35616,823156
1164788,NO,TB,WR,Devaughn Vele,8.59,4.76,,,,15.2,3.7,0,0,-1.56,3700,,6227936,1164788
1140248,JAX,IND,RB,Cody Schrader,,0,,,,,,0,0,-10.75,4000,,6228516,1140248
1286438,TEN,CLE,TE,Gunnar Helm,5.77,1.53,,,,10.8,2.1,0,0,-2.78,2900,,8229047,1286438
884350,BAL,PIT,TE,Scotty Washington,,0,,,,,,0,0,-7.75,2500,,1844124,884350
1165229,BUF,CIN,RB,Ray Davis,2,0.14,,,,7.5,,0,0,-8.95,4100,,6227753,1165229
216342,CIN,BUF,QB,Joe Flacco,,0,,,,,,0,0,-13.75,4000,,11610,216342
1110306,NO,TB,QB,Tyler Shough,14.03,3.72,,,,22.7,6.9,0,0,-0.92,4600,,8223333,1110306
1231559,GB,CHI,WR,Malik Heath,,0,,,,,,0,0,-8.75,3000,,4715974,1231559
214197,DEN,LV,TE,Marcedes Lewis,,0,,,,3.7,,0,0,-7.75,2500,,11792,214197
976761,BUF,CIN,WR,Gabe Davis,5.41,3.32,,,,11.5,1,0,0,-3.94,3300,,1844330,976761
865573,NO,TB,TE,Foster Moreau,1.69,0.17,,,,5.8,,0,0,-6.06,2500,,982728,865573
1126817,MIN,WAS,WR,Jalen Nailor,6.83,0.6,,,,13.5,2.3,0,0,-1.92,3000,,3491545,1126817
329,CLE,TEN,DST,Browns,9.31,8.7,,,,15.1,4.1,0,0,0.91,3700,,18421,329
1172401,DEN,LV,RB,RJ Harvey,15.5,13.63,,,,25.8,6.3,0,0,1.35,5700,,8223044,1172401
837820,NO,TB,WR,Dante Pettis,0.44,0.21,,,,4.9,,0,0,-8.31,3000,,329006,837820
1216808,MIN,WAS,TE,Ben Yurosek,,0,,,,3.7,,0,0,-7.75,2500,,8274772,1216808
606501,LV,DEN,RB,Raheem Mostert,1.47,0.14,,,,6.8,,0,0,-9.48,4100,,21702,606501
607843,WAS,MIN,QB,Marcus Mariota,,0,,,,,,0,0,-15.75,5000,,21686,607843
1250886,CHI,GB,RB,Kyle Monangai,8.7,1.41,,,,16.8,2.9,0,0,-4.85,5400,,8228422,1250886
1287923,TB,NO,RB,Bucky Irving,18.91,13.09,,,,29.5,8.3,0,0,2.16,7000,,6228586,1287923
1251513,CIN,BUF,TE,Cam Grandy,,0,,,,3.7,,0,0,-7.75,2500,,6227843,1251513
300580,MIN,WAS,TE,Andrew DePaola,,0,,,,,,0,0,-7.75,2500,,-300580,300580
935104,NYJ,MIA,RB,Khalil Herbert,,0,,,,4.9,,0,0,-10.75,4000,,2861632,935104
1056747,JAX,IND,WR,Tim Jones,,0,,,,,,0,0,-8.75,3000,,2861940,1056747
1286417,CHI,GB,WR,JP Richardson,,0,,,,,,0,0,-8.75,3000,,8244430,1286417
912027,ATL,SEA,WR,Darnell Mooney,12.93,4.21,,,,20.5,6.6,0,0,0.58,4800,,1844218,912027
1068738,CIN,BUF,RB,Gary Brightwell,,0,,,,,,0,0,-10.75,4000,,2862035,1068738
1178628,CLE,TEN,WR,Jamari Thrash,,0,,,,4.3,,0,0,-8.75,3000,,6227870,1178628
886243,CHI,GB,WR,Maurice Alexander,,0,,,,,,0,0,-8.75,3000,,3757853,886243
1123529,ARI,LAR,WR,Michael Wilson,19.14,32.41,,,,27.7,10.8,0,0,5.19,5600,,4687487,1123529
877784,BUF,CIN,RB,Ty Johnson,4.52,0.22,,,,11.2,0.6,0,0,-6.83,4300,,982111,877784
757521,ATL,SEA,WR,KhaDarel Hodge,,0,,,,4.3,,0,0,-8.75,3000,,509432,757521
878785,CIN,BUF,QB,Joe Burrow,19.72,2.95,,,,29.1,11.4,0,0,0.97,6500,,1844126,878785
1060312,LAR,ARI,TE,Colby Parkinson,8.37,4.2,,,,14.4,3.8,0,0,-0.58,3100,,1849846,1060312
1290102,SEA,ATL,QB,Jalen Milroe,,0,,,,,,0,0,-13.75,4000,,8223481,1290102
1161853,ARI,LAR,TE,Elijah Higgins,4.07,0.21,,,,8.8,1.2,0,0,-3.68,2500,,4687953,1161853
1062765,PIT,BAL,WR,Calvin Austin III,6.32,0.81,,,,12.3,2.3,0,0,-3.23,3400,,3491434,1062765
658389,BAL,PIT,RB,Patrick Ricard,,0,,,,4.9,,0,0,-10.75,4000,,523069,658389
1050335,GB,CHI,RB,Pierre Strong Jr.,,0,,,,,,0,0,-10.75,4000,,3491634,1050335
978577,JAX,IND,RB,Travis Etienne Jr.,12.12,2.77,,,,20.9,4.5,0,0,-3.23,6300,,2861937,978577
923412,SEA,ATL,WR,Rashid Shaheed,7.34,1.3,,,,13.8,2.2,0,0,-4.21,4400,,3503949,923412
1130833,ATL,SEA,WR,Deven Thompkins,2.2,0,,,,7.3,,0,0,-6.55,3000,,3515974,1130833
1163866,ARI,LAR,RB,Zonovan Knight,13.4,2.87,,,,22.4,5.5,0,0,0.25,5200,,3515609,1163866
1175504,NO,TB,RB,Ian Wheeler,,0,,,,,,0,0,-10.75,4000,,6227812,1175504
910377,ATL,SEA,TE,Feleipe Franks,0.2,0,,,,5.1,,0,0,-7.55,2500,,2862131,910377
606799,NO,TB,TE,Zach Wood,,0,,,,,,0,0,-7.75,2500,,-606799,606799
836347,MIN,WAS,QB,John Wolford,,0,,,,,,0,0,-13.75,4000,,508426,836347
1287825,TB,NO,WR,Emeka Egbuka,15.16,13.73,,,,23.3,7.6,0,0,-0.19,6300,,8217509,1287825
1164889,NYJ,MIA,WR,Garrett Wilson,,0,,,,,,0,0,-8.75,3000,,3491660,1164889
922026,BUF,CIN,WR,Mecole Hardman Jr.,,0,,,,,,0,0,-8.75,3000,,982694,922026
836116,WAS,MIN,WR,Terry McLaurin,14.63,14.13,,,,22.8,7.6,0,0,1.48,5200,,982511,836116
1277914,BAL,PIT,WR,Devontez Walker,1.58,0.22,,,,6.3,,0,0,-7.17,3000,,6227729,1277914
1162128,LAR,ARI,WR,Puka Nacua,24.9,18.15,,,,34.8,14.7,0,0,4.75,8700,,4687933,1162128
912137,GB,CHI,QB,Jordan Love,17.83,3.4,,,,26.9,10.5,0,0,0.28,5900,,1844276,912137
885540,DEN,LV,RB,Adam Prentice,0.18,0,,,,5.1,,0,0,-10.57,4000,,2874182,885540
1132517,DEN,LV,TE,Nate Adkins,,0,,,,,,0,0,-7.75,2500,,4773039,1132517
1067309,MIN,WAS,RB,Zavier Scott,0.12,0.17,,,,5.1,,0,0,-11.23,4300,,4716029,1067309
1323906,BUF,CIN,TE,Keleki Latu,,0,,,,,,0,0,-7.75,2500,,8238286,1323906
1181874,GB,CHI,TE,Tucker Kraft,,0,,,,,,0,0,-7.75,2500,,4687755,1181874
976323,GB,CHI,QB,Malik Willis,,0,,,,,,0,0,-13.75,4000,,3491780,976323
732145,BAL,PIT,RB,Derrick Henry,16.4,9.37,,,,26,6.9,0,0,-1.35,7500,,35530,732145
1162602,MIA,NYJ,WR,Theo Wease Jr.,,0,,,,,,0,0,-8.75,3000,,8262281,1162602
945633,PIT,BAL,WR,DK Metcalf,12.58,7.92,,,,20.2,6.3,0,0,-0.97,5400,,982879,945633
1064955,SEA,ATL,RB,Brady Russell,,0,,,,4.9,,0,0,-10.75,4000,,4716358,1064955
1062546,BAL,PIT,WR,Tylan Wallace,,0,,,,4.3,,0,0,-8.75,3000,,2861518,1062546
822367,NYJ,MIA,WR,Josh Reynolds,,0,,,,,,0,0,-8.75,3000,,37051,822367
1130603,BUF,CIN,WR,Khalil Shakir,12.45,4.07,,,,20.3,5.8,0,0,-0.90,5300,,3491575,1130603
1164846,WAS,MIN,WR,Luke McCaffrey,,0,,,,,,0,0,-8.75,3000,,6228651,1164846
1164736,SEA,ATL,TE,Nick Kallerup,,0,,,,3.7,,0,0,-7.75,2500,,8281271,1164736
911236,NYJ,MIA,WR,Tyler Johnson,,0,,,,4.3,,0,0,-8.75,3000,,1844805,911236
1065406,IND,JAX,RB,Jonathan Taylor,22.55,12.25,,,,33.6,10.9,0,0,1.20,9300,,1844485,1065406
838878,DEN,LV,WR,Courtland Sutton,13.47,3.53,,,,21.4,6.7,0,0,-0.48,5600,,328827,838878
835127,TB,NO,WR,Chris Godwin Jr.,11.29,2.85,,,,18.8,5.3,0,0,-2.06,5300,,37002,835127
913546,PIT,BAL,WR,Cornell Powell,,0,,,,,,0,0,-8.75,3000,,2862274,913546
944038,WAS,MIN,TE,John Bates,2.24,0.14,,,,6.4,,0,0,-5.51,2500,,2862096,944038
1130526,NO,TB,WR,Kevin Austin Jr.,0.33,0,,,,4.8,,0,0,-8.42,3000,,3503700,1130526
1395319,TEN,CLE,WR,Elic Ayomanor,5.69,1.54,,,,11.6,1.7,0,0,-4.26,3600,,8229046,1395319
886641,MIA,NYJ,RB,JaMycal Hasty,,0,,,,,,0,0,-10.75,4000,,1849813,886641
866973,ATL,SEA,WR,David Sills V,7.45,0.94,,,,13.9,3,0,0,-2.90,3800,,982204,866973
976731,CLE,TEN,TE,Sal Cannella,,0,,,,,,0,0,-7.75,2500,,3010086,976731
865895,SEA,ATL,RB,Myles Gaskin,,0,,,,,,0,0,-10.75,4000,,982233,865895
976797,TEN,CLE,RB,Jordan Mims,,0,,,,,,0,0,-10.75,4000,,4744238,976797
910852,ARI,LAR,WR,Greg Dortch,,0,,,,,,0,0,-11.35,4300,,982285,910852
976236,PIT,BAL,RB,Trey Sermon,,0,,,,,,0,0,-10.75,4000,,2862428,976236
879799,ARI,LAR,QB,Kyler Murray,,0,,,,,,0,0,-13.75,4000,,973153,879799
911985,NO,TB,TE,Jack Stoll,0.46,0.14,,,,4.2,,0,0,-7.29,2500,,2862067,911985
821389,BUF,CIN,WR,Curtis Samuel,,0,,,,,,0,0,-8.75,3000,,36991,821389
1161899,DEN,LV,QB,Bo Nix,20.74,5.99,,,,30.4,11.9,0,0,2.79,6100,,6227935,1161899
978579,CIN,BUF,WR,Tee Higgins,11.83,10.08,,,,19.5,5.6,0,0,-3.32,6200,,1844128,978579
1160348,NYJ,MIA,WR,John Metchie III,11.64,6.93,,,,19.1,5.6,0,0,-0.11,4500,,3491692,1160348
1162537,NYJ,MIA,RB,Breece Hall,18.45,16.41,,,,28.4,8.5,0,0,2.70,6500,,3491661,1162537
1164979,LV,DEN,WR,Tre Tucker,11.98,4.08,,,,19.3,5.7,0,0,-0.17,4700,,4687881,1164979
1161228,WAS,MIN,QB,Jayden Daniels,23.25,6.02,,,,34.2,12.7,0,0,5.50,6000,,6228653,1161228
880151,JAX,IND,WR,Jakobi Meyers,11.92,5.97,,,,19.6,5.6,0,0,-2.23,5700,,982261,880151
1384869,SEA,ATL,WR,Dareke Young,,0,,,,,,0,0,-8.75,3000,,3492252,1384869
838318,MIA,NYJ,TE,Chris Myarick,,0,,,,,,0,0,-7.75,2500,,1104970,838318
884013,TEN,CLE,WR,Calvin Ridley,,0,,,,,,0,0,-8.75,3000,,328705,884013
1181832,TB,NO,WR,Jaden Smith,,0,,,,,,0,0,-8.75,3000,,9484178,1181832
875444,DEN,LV,TE,Adam Trautman,2.55,0.27,,,,6.9,0.1,0,0,-5.20,2500,,1844770,875444
733643,PIT,BAL,WR,Adam Thielen,0.49,0,,,,5,,0,0,-8.26,3000,,18116,733643
866578,PIT,BAL,WR,Scotty Miller,,0,,,,4.3,,0,0,-8.75,3000,,982629,866578
1172746,GB,CHI,WR,Isaiah Neyor,,0,,,,,,0,0,-8.75,3000,,8268733,1172746
837824,CIN,BUF,TE,Drew Sample,1.22,0.14,,,,5.1,,0,0,-6.53,2500,,981992,837824
866149,ARI,LAR,TE,Josiah Deguara,,0,,,,3.7,,0,0,-7.75,2500,,1844275,866149
1285958,SEA,ATL,RB,Robbie Ouzts,,0,,,,4.9,,0,0,-10.75,4000,,8228994,1285958
911348,IND,JAX,WR,Michael Pittman Jr.,11.18,4.23,,,,18.5,5.5,0,0,-2.37,5400,,1844489,911348
1287828,ARI,LAR,WR,Marvin Harrison Jr.,,0,,,,,,0,0,-14.35,5800,,6227661,1287828
1069808,CHI,GB,RB,D'Andre Swift,10.43,1.53,,,,18.6,4.2,0,0,-4.12,5900,,1844244,1069808
1168918,IND,JAX,RB,Tyler Goodson,0.5,0.13,,,,5.6,,0,0,-10.25,4000,,3491514,1168918
612512,CLE,TEN,WR,DeAndre Carter,,0,,,,,,0,0,-8.75,3000,,21554,612512
976513,DEN,LV,RB,J.K. Dobbins,,0,,,,,,0,0,-10.75,4000,,1844097,976513
1180557,DEN,LV,WR,Kyrese Rowan,,0,,,,,,0,0,-8.75,3000,,-1180557,1180557
923911,CIN,BUF,TE,Noah Fant,3.44,0.66,,,,8,0.6,0,0,-5.31,3000,,973054,923911
866216,IND,JAX,QB,Brett Rypien,,0,,,,,,0,0,-13.75,4000,,982658,866216
592195,TB,NO,QB,Teddy Bridgewater,,0,,,,,,0,0,-13.75,4000,,18114,592195
749968,CHI,GB,TE,Durham Smythe,0.44,0.13,,,,4.2,,0,0,-7.31,2500,,328366,749968
1172428,GB,CHI,WR,Dontayvion Wicks,9.9,1.77,,,,17,4.1,0,0,-0.65,3900,,4687750,1172428
1130705,PIT,BAL,RB,Kenneth Gainwell,11.6,3.72,,,,20.1,4.7,0,0,-1.15,5000,,2862072,1130705
911239,TB,NO,TE,Ko Kieft,,0,,,,,,0,0,-7.75,2500,,3492019,911239
553024,WAS,MIN,TE,Tyler Ott,,0,,,,,,0,0,-7.75,2500,,-553024,553024